,topic_id,count,pageviews,average,median,min,max,level0,level1,level2,level3,title
0,740,5,28915,5783.0,482.0,70,27387,_Länder,Naher Osten,Palästina,,Palästina
1,451,5,28162,5632.4,5034.0,331,14179,_Personen,Christoph Blocher,,,Christoph Blocher
2,324,6,32292,5382.0,353.5,161,27387,_Länder,Naher Osten,Libanon,,Libanon
3,771,5,26393,5278.6,2266.0,236,21122,_Quartiere,Gundeli,,,Gundeli
4,793,4,20359,5089.75,888.5,237,18345,Medien,Watson,,,Watson
5,634,11,55773,5070.272727272727,1230.0,413,18345,Medien,Soziale Medien,,,Soziale Medien
6,1004,25,122358,4894.32,3689.0,579,18345,_Zeitgeschichte,Knackeboul,,,Knackeboul
7,358,9,40580,4508.888888888889,1793.0,528,21498,Medien,Basler Zeitung,,,Basler Zeitung
8,491,9,40262,4473.555555555556,1921.0,42,25447,_Jahreszeiten,Sommer,,,Sommer
9,415,5,21606,4321.2,787.0,114,15648,Wirtschaft,Musikindustrie,,,Musikindustrie
10,739,10,36186,3618.6,1848.5,424,14175,Kultur,Kreativwirtschaft,,,Kreativwirtschaft
11,362,25,90307,3612.28,1103.0,147,21498,Medien,Journalismus,,,Journalismus
12,1000,41,139201,3395.1463414634145,1411.0,94,38175,Lokales,Fasnacht,Fasnacht Basler 2016,,Fasnacht Basler 2016
13,657,14,46714,3336.714285714286,1886.5,347,21122,Restaurant: Küche,,,,Restaurant: Küche
14,538,79,250652,3172.8101265822784,1475.0,24,30947,_Textformen & feste Rubriken,Kommentar,,,Kommentar
15,304,68,215262,3165.6176470588234,2000.5,22,25447,Wirtschaft,Gastronomie,,,Gastronomie
16,272,7,22069,3152.714285714286,1952.0,157,10989,Gesellschaft,Bewegungen,,,Bewegungen
17,322,10,31365,3136.5,371.0,36,27387,_Länder,Asien,Irak,,Irak
18,1044,5,15674,3134.8,2284.0,728,8113,Erklär-Bär,,,,Erklär-Bär
19,742,15,46027,3068.4666666666667,1224.0,425,13347,Sport,Fanverhalten,,,Fanverhalten
20,789,13,39712,3054.769230769231,2885.0,856,6862,Wirtschaft,Immobilien,,,Immobilien
21,1003,35,106660,3047.4285714285716,1621.0,26,37126,Politik,Abstimmungen & Wahlen,Abstimmungen 28. Februar 2016,Durchsetzungsinitiative,Durchsetzungsinitiative
22,775,24,71282,2970.0833333333335,1943.5,60,12394,Gesellschaft,Rassismus,,,Rassismus
23,199,28,82645,2951.6071428571427,1996.5,87,9825,Kultur,Clubszene,,,Clubszene
24,898,7,20096,2870.8571428571427,1330.0,1054,7474,Lokales,Stadtentwicklung,Roche-Turm,,Roche-Turm
25,593,29,83051,2863.8275862068967,1971.0,93,11251,_Personen,Baschi Dürr,,,Baschi Dürr
26,899,8,22427,2803.375,1280.5,307,6685,Lokales,Stadtentwicklung,Roche-Areal,,Roche-Areal
27,862,5,13962,2792.4,2761.0,487,5719,Kultur,Offspaces,,,Offspaces
28,759,26,70651,2717.346153846154,2076.5,236,8423,_Quartiere,St. Johann,,,St. Johann
29,622,10,26745,2674.5,2173.0,377,7806,Lifestyle,Mode,,,Mode
30,962,11,29361,2669.181818181818,1304.0,114,9418,Verbrechen,,,,Verbrechen
31,532,6,15992,2665.3333333333335,889.0,370,11979,Wirtschaft,Rohstoffhandel,,,Rohstoffhandel
32,770,37,95436,2579.3513513513512,1689.0,194,25447,_Quartiere,,,,_Quartiere
33,25,8,20588,2573.5,123.5,68,17861,_Länder,Nordamerika,,,Nordamerika
34,247,10,24318,2431.8,1218.5,57,11818,Bildung,Berufslehre,,,Berufslehre
35,968,7,16802,2400.285714285714,2243.0,375,5209,Lokales,Stadtentwicklung,Basler Plätze,,Basler Plätze
36,359,5,11930,2386.0,528.0,112,9521,Medien,SRF,,,SRF
37,763,19,45107,2374.0526315789475,2045.0,399,5719,Kultur,Messen,Art Basel,,Art Basel
38,143,70,165507,2364.385714285714,829.5,37,30947,Medien,,,,Medien
39,1028,83,195188,2351.6626506024095,1731.0,100,16369,Politik,Abstimmungen & Wahlen,Wahlen BS 2016,Regierungsratswahlen,Regierungsratswahlen
40,179,48,112082,2335.0416666666665,1742.0,74,14179,Politik,_Parteien,SVP,,SVP
41,1002,49,113856,2323.591836734694,1187.0,35,37126,Politik,Abstimmungen & Wahlen,Abstimmungen 28. Februar 2016,,Abstimmungen 28. Februar 2016
42,126,97,224851,2318.0515463917527,1256.0,35,38175,Region der Schweiz,Region Basel,,,Region Basel
43,629,49,111401,2273.4897959183672,1386.0,190,19312,_Textformen & feste Rubriken,Porträt,,,Porträt
44,894,21,47422,2258.190476190476,2024.0,239,8107,Kultur,Museen,Kunstmuseum,Kunstmuseum Erweiterungsbau,Kunstmuseum Erweiterungsbau
45,887,11,24726,2247.818181818182,1006.0,206,14175,Kultur,Kulturpreise,,,Kulturpreise
46,820,11,24704,2245.818181818182,1324.0,603,7182,Rhein,,,,Rhein
47,474,18,40326,2240.3333333333335,1784.5,90,6994,Politik,_Themen,Sozialwesen,,Sozialwesen
48,1042,37,82362,2226.0,1752.0,336,16369,Politik,Abstimmungen & Wahlen,Wahlen BS 2016,Wahlumfrage,Wahlumfrage
49,1029,48,106325,2215.1041666666665,1572.0,309,16369,Politik,Abstimmungen & Wahlen,Wahlen BS 2016,Grossratswahlen,Grossratswahlen
50,363,10,22051,2205.1,1028.5,609,6863,_Personen,Eva Herzog,,,Eva Herzog
51,959,8,17636,2204.5,1645.0,253,5719,Kultur,Messen,Liste,,Liste
52,831,11,24207,2200.6363636363635,2175.0,669,4859,Zwischennutzung,,,,Zwischennutzung
53,1046,19,40937,2154.5789473684213,942.0,147,15711,_Zeitgeschichte,5 Jahre TagesWoche,,,5 Jahre TagesWoche
54,772,37,79508,2148.864864864865,1338.0,88,8423,_Quartiere,Kleinbasel,,,Kleinbasel
55,1015,11,23487,2135.181818181818,1786.0,26,8874,Grundeinkommen,,,,Grundeinkommen
56,408,7,14864,2123.4285714285716,2260.0,1561,2738,Sport,Fussball,FC Lausanne-Sport,,FC Lausanne-Sport
57,884,6,12739,2123.1666666666665,1021.0,530,5712,Medien,Netflix,,,Netflix
58,357,14,29642,2117.285714285714,991.0,147,15711,Medien,TagesWoche,,,TagesWoche
59,875,12,25267,2105.5833333333335,1378.0,409,5627,Alois K. Hürlimann,,,,Alois K. Hürlimann
60,539,10,20802,2080.2,930.0,127,11818,_Textformen & feste Rubriken,Reportagen,,,Reportagen
61,976,21,43677,2079.8571428571427,1073.0,136,18345,Kultur,Jugendkultur,,,Jugendkultur
62,420,9,18656,2072.8888888888887,418.0,54,14358,_Länder,Europa,Ungarn,,Ungarn
63,885,20,41190,2059.5,1971.0,275,3829,Sport,Fussball,FC Vaduz,,FC Vaduz
64,873,12,24662,2055.1666666666665,822.0,114,11251,Digital,Apps,,,Apps
65,1007,150,307383,2049.22,1661.0,100,16369,Politik,Abstimmungen & Wahlen,Wahlen BS 2016,,Wahlen BS 2016
66,230,17,34759,2044.6470588235295,948.0,161,7806,Kultur,Design,,,Design
67,646,51,104219,2043.5098039215686,866.0,93,25447,Basel,,,,Basel
68,964,23,46670,2029.1304347826087,1231.0,253,5719,Kultur,Messen,Kunstmessen,,Kunstmessen
69,851,75,151411,2018.8133333333333,1070.0,22,13347,Polizei,,,,Polizei
70,40,8,16071,2008.875,1324.5,461,6788,Veranstaltung,Party Veranstaltung,,,Party Veranstaltung
71,604,19,38078,2004.1052631578948,1652.0,272,7943,_Textformen & feste Rubriken,Auch das noch,,,Auch das noch
72,201,16,31875,1992.1875,1634.5,188,9418,Gesellschaft,Drogen,,,Drogen
73,148,18,35179,1954.388888888889,1130.0,49,7474,_Firmen,Roche,,,Roche
74,198,45,87446,1943.2444444444445,1080.0,48,10989,Gesellschaft,Religion,,,Religion
75,466,21,40751,1940.5238095238096,854.0,198,8874,Politik,_Themen,Sozialwerke,,Sozialwerke
76,595,75,145070,1934.2666666666667,1831.0,22,5362,Sport,Fussball,FC Basel,rotblaulive,rotblaulive
77,455,125,241645,1933.16,1475.0,203,11244,Lokales,Stadtentwicklung,,,Stadtentwicklung
78,1025,13,25125,1932.6923076923076,1843.0,55,5621,Lifestyle,Reisen,Sommerserie: Besuch in Basel,,Sommerserie: Besuch in Basel
79,637,29,55878,1926.8275862068965,1412.0,105,14934,Sport,Fussball,Schweizer Cup,,Schweizer Cup
80,405,21,40278,1918.0,2049.0,127,4174,Sport,Fussball,FC Luzern,,FC Luzern
81,28,156,298275,1912.0192307692307,949.0,22,38175,Gesellschaft,,,,Gesellschaft
82,3,484,920910,1902.706611570248,1556.5,23,23104,Sport,Fussball,FC Basel,,FC Basel
83,125,7,13263,1894.7142857142858,286.0,129,7135,Region der Schweiz,Kanton Zürich,,,Kanton Zürich
84,351,12,22648,1887.3333333333333,463.0,24,8495,Digital,Facebook,,,Facebook
85,142,27,50809,1881.8148148148148,1123.0,296,8754,Lokales,,,,Lokales
86,555,12,22186,1848.8333333333333,731.0,118,10927,Kultur,Kinder,,,Kinder
87,402,39,71866,1842.7179487179487,1590.0,163,10155,Sport,Fussball,Young Boys Bern,,Young Boys Bern
88,708,90,165331,1837.0111111111112,1288.5,86,14934,Sport,Fussball,Europa League,,Europa League
89,146,4,7300,1825.0,1338.5,85,4538,_Firmen,,,,_Firmen
90,760,8,14502,1812.75,1340.0,88,6596,Gesellschaft,Prostitution,,,Prostitution
91,1043,6,10824,1804.0,1374.5,360,4740,_Textformen & feste Rubriken,Wahnsinn Alltag,,,Wahnsinn Alltag
92,974,17,30506,1794.4705882352941,1142.0,580,5719,Kultur,Kunstmarkt,,,Kunstmarkt
93,598,7,12490,1784.2857142857142,1041.0,356,4234,Politik,_Themen,Arbeitslosigkeit,,Arbeitslosigkeit
94,264,6,10623,1770.5,1398.5,315,3432,Unglücksfälle und Verbrechen,Organisierte Kriminalität,,,Organisierte Kriminalität
95,364,16,28319,1769.9375,1512.0,347,4457,_Personen,Guy Morin,,,Guy Morin
96,368,7,12328,1761.142857142857,1551.0,484,3557,_Personen,Christoph Eymann,,,Christoph Eymann
97,799,46,80496,1749.9130434782608,1174.0,54,6863,Gesellschaft,Wohnen,,,Wohnen
98,782,36,62937,1748.25,1515.5,127,8107,Kultur,Museen,Kunstmuseum,,Kunstmuseum
99,343,6,10402,1733.6666666666667,1186.0,195,4131,Gesellschaft,Psychologie,,,Psychologie
100,513,100,173342,1733.42,911.5,24,37126,Politik,Abstimmungen & Wahlen,,,Abstimmungen & Wahlen
101,900,9,15589,1732.111111111111,1582.0,676,2849,Lokales,Stadtentwicklung,Hafenareal,,Hafenareal
102,502,6,10339,1723.1666666666667,1194.0,220,4695,Gesellschaft,Sexismus,,,Sexismus
103,430,23,39436,1714.608695652174,1006.0,289,5719,Kultur,Messen,,,Messen
104,181,33,56029,1697.8484848484848,1275.0,114,11060,Politik,_Parteien,SP,,SP
105,611,30,50800,1693.3333333333333,811.0,83,18345,Medien,Fernsehen,,,Fernsehen
106,549,5,8461,1692.2,2028.0,62,3899,Wirtschaft,Modebranche,,,Modebranche
107,608,8,13533,1691.625,1404.5,171,5019,Politik,_Parteien,LDP,,LDP
108,871,4,6745,1686.25,1513.0,870,2849,Lokales,Klybeckquai,,,Klybeckquai
109,100,114,190570,1671.6666666666667,969.5,26,14429,Region der Schweiz,Kanton Basel-Stadt,,,Kanton Basel-Stadt
110,360,9,15035,1670.5555555555557,1108.0,528,4471,Medien,Telebasel,,,Telebasel
111,784,34,56767,1669.6176470588234,1374.5,365,5605,Kultur,Popkultur Basel,,,Popkultur Basel
112,475,42,70065,1668.2142857142858,931.5,25,11979,Wirtschaft,Tourismus,,,Tourismus
113,185,15,24911,1660.7333333333333,1080.0,30,4827,Politik,_Parteien,CVP,,CVP
114,579,63,104029,1651.2539682539682,536.0,30,14429,Justiz,,,,Justiz
115,211,22,36150,1643.1818181818182,1052.5,424,7474,Kultur,Architektur,,,Architektur
116,458,14,23000,1642.857142857143,422.0,41,11979,Naturereignisse,Unwetter,,,Unwetter
117,227,52,85309,1640.5576923076924,155.0,27,30947,_Länder,Naher Osten,Syrien,,Syrien
118,285,168,275455,1639.6130952380952,1414.0,23,14934,Sport,Fussball,Swiss Football League SFL,,Swiss Football League SFL
119,284,24,39252,1635.5,1516.5,268,3573,Sport,Fussball,FC Sion,,FC Sion
120,639,20,32463,1623.15,1677.5,139,4087,Sport,Fussball,FC St. Gallen,,FC St. Gallen
121,210,8,12946,1618.25,1644.5,458,2770,Sport,Kampfsport,,,Kampfsport
122,418,37,59357,1604.2432432432433,860.0,199,10927,Bildung,Schule,,,Schule
123,822,15,24020,1601.3333333333333,1293.0,274,4040,Stadtleben,,,,Stadtleben
124,453,6,9603,1600.5,886.0,515,5573,Kultur,Oper,,,Oper
125,289,43,68669,1596.953488372093,969.0,64,7306,Politik,_Themen,Migration,Integration,Integration
126,1008,28,44677,1595.607142857143,824.0,72,8357,Wirtschaft,Steuern,Unternehmenssteuer-Reform III,,Unternehmenssteuer-Reform III
127,1016,6,9519,1586.5,1593.5,941,2106,Erlenmatt,,,,Erlenmatt
128,274,26,40840,1570.7692307692307,596.5,61,12608,Gesellschaft,Medizin,,,Medizin
129,44,4,6282,1570.5,1590.5,262,2839,Veranstaltung,Andere Veranstaltung,,,Andere Veranstaltung
130,240,37,56829,1535.918918918919,900.0,33,6627,Lifestyle,Konsum,,,Konsum
131,291,78,119442,1531.3076923076924,612.0,22,25203,Politik,_Themen,Migration,Asylwesen,Asylwesen
132,6,41,62437,1522.8536585365853,150.0,27,30947,_Länder,Europa,,,Europa
133,537,70,106236,1517.6571428571428,1114.5,130,7502,_Textformen & feste Rubriken,Interview,,,Interview
134,320,14,21207,1514.7857142857142,449.0,107,14358,_Länder,Europa,Polen,,Polen
135,435,36,53983,1499.5277777777778,688.5,42,12608,Lifestyle,Ernährung,,,Ernährung
136,309,87,130011,1494.3793103448277,1019.0,26,11818,Politik,_Organe,Regierungsrat BS,,Regierungsrat BS
137,773,14,20837,1488.357142857143,980.5,142,4040,_Quartiere,Innenstadt,,,Innenstadt
138,525,4,5951,1487.75,1386.5,998,2180,_Personen,Mirjam Ballmer,,,Mirjam Ballmer
139,180,19,28224,1485.4736842105262,1412.0,79,4770,Politik,_Parteien,FDP,,FDP
140,454,61,90592,1485.1147540983607,903.0,30,9909,Lifestyle,,,,Lifestyle
141,936,7,10375,1482.142857142857,557.0,154,4334,Der Konsument von Morgen,,,,Der Konsument von Morgen
142,170,59,87003,1474.6271186440679,870.0,119,7067,Kultur,Konzerte,,,Konzerte
143,42,30,43538,1451.2666666666667,586.5,180,11183,Veranstaltung,Konzert Veranstaltung,,,Konzert Veranstaltung
144,473,5,7213,1442.6,890.0,147,2812,_Firmen,Post,,,Post
145,1022,4,5750,1437.5,1383.0,974,2010,Kultur,Kunst,Kunst am Bau,,Kunst am Bau
146,520,55,78567,1428.490909090909,903.0,30,8027,Lifestyle,Freizeit,,,Freizeit
147,234,70,99898,1427.1142857142856,385.5,33,30947,_Länder,Europa,Frankreich,,Frankreich
148,465,18,25660,1425.5555555555557,596.0,30,7540,Politik,_Themen,Gesundheitswesen,,Gesundheitswesen
149,442,27,38474,1424.962962962963,650.0,31,8874,Wirtschaft,Arbeitsmarkt,,,Arbeitsmarkt
150,147,11,15564,1414.909090909091,1370.0,127,4216,_Firmen,Novartis,,,Novartis
151,406,16,22619,1413.6875,1307.5,385,3103,Sport,Fussball,FC Thun,,FC Thun
152,26,813,1148905,1413.1672816728167,957.0,22,23104,Sport,Fussball,,,Fussball
153,970,22,30977,1408.0454545454545,1500.5,148,2271,Sport,Fussball,FC Lugano,,FC Lugano
154,953,12,16872,1406.0,719.5,61,8301,Gesellschaft,Nachruf,,,Nachruf
155,626,29,40680,1402.7586206896551,409.0,56,8987,Unglücksfälle und Verbrechen,Kriminalität,,,Kriminalität
156,348,35,49020,1400.5714285714287,899.0,82,7387,Bildung,Uni Basel,,,Uni Basel
157,337,8,11188,1398.5,715.5,82,3701,Bildung,Universitäten,,,Universitäten
158,847,19,26483,1393.842105263158,826.0,36,10842,Sicherheit,,,,Sicherheit
159,540,6,8344,1390.6666666666667,994.0,594,3394,Gesellschaft,Psychiatrie,,,Psychiatrie
160,365,9,12478,1386.4444444444443,1092.0,748,3495,_Personen,Hans-Peter Wessels,,,Hans-Peter Wessels
161,328,47,65112,1385.3617021276596,145.0,30,14179,Politik,_Organe,Nationalrat,,Nationalrat
162,154,5,6882,1376.4,1258.0,744,2296,Wirtschaft,KMU,,,KMU
163,410,30,41200,1373.3333333333333,802.5,59,4979,Gesellschaft,Überwachung,,,Überwachung
164,975,165,226061,1370.0666666666666,436.0,22,27387,Politik,_Themen,Migration,Flüchtlinge,Flüchtlinge
165,133,151,206424,1367.046357615894,720.0,38,15648,Kultur,Musik,,,Musik
166,992,11,14938,1358.0,773.0,199,5562,Partnerschaft BS_BL,,,,Partnerschaft BS_BL
167,476,17,23041,1355.3529411764705,989.0,104,4238,Lokales,Fasnacht,,,Fasnacht
168,184,26,35070,1348.8461538461538,1206.5,24,4770,Politik,_Parteien,Grüne,,Grüne
169,236,78,105030,1346.5384615384614,709.0,27,10927,Bildung,,,,Bildung
170,557,6,8079,1346.5,768.5,75,4824,_Feiertage,1. August,,,1. August
171,9,31,41697,1345.0645161290322,1062.0,166,5209,Veranstaltung,,,,Veranstaltung
172,735,27,36127,1338.037037037037,700.0,154,14175,Kultur,Kulturförderung,,,Kulturförderung
173,544,9,12042,1338.0,859.0,55,3807,Politik,_Themen,Mieten,,Mieten
174,144,112,149284,1332.892857142857,951.0,119,6704,Kultur,Kunst,,,Kunst
175,137,6,7981,1330.1666666666667,761.0,35,5227,_Länder,Asien,,,Asien
176,877,14,18555,1325.357142857143,969.0,82,3908,Lokales,Universitätsspital Basel,,,Universitätsspital Basel
177,220,17,22429,1319.3529411764705,1079.0,226,3957,Sport,Boxen,,,Boxen
178,725,23,30202,1313.1304347826087,669.0,22,5032,Digital,Datenschutz,,,Datenschutz
179,559,6,7868,1311.3333333333333,767.5,47,4457,Politik,_Organe,,,_Organe
180,2,884,1151570,1302.6809954751131,807.5,22,23104,Sport,,,,Sport
181,441,118,152678,1293.8813559322034,853.0,35,14934,Sport,Fussball,Champions League,,Champions League
182,588,27,34839,1290.3333333333333,951.0,171,5454,Kultur,Tanz,,,Tanz
183,767,54,69560,1288.148148148148,795.5,107,11183,Kultur,Festivals,,,Festivals
184,407,30,38420,1280.6666666666667,1288.5,40,3573,Sport,Fussball,Grasshoppers Zürich,,Grasshoppers Zürich
185,636,90,115126,1279.1777777777777,468.0,26,12608,Gesellschaft,Gesundheit,,,Gesundheit
186,1041,17,21673,1274.8823529411766,790.0,236,4334,_Textformen & feste Rubriken,Supersach,,,Supersach
187,157,75,95346,1271.28,832.0,77,14179,Politik,_Organe,Grosser Rat BS,,Grosser Rat BS
188,1037,15,18924,1261.6,599.0,184,6817,Sport,Fussball,Schweizerischer Fussball-Verband SFV,,Schweizerischer Fussball-Verband SFV
189,956,7,8726,1246.5714285714287,720.0,231,4430,Kultur,Kunst,Street Art,,Street Art
190,727,7,8697,1242.4285714285713,522.0,85,4712,_Länder,Europa,Kroatien,,Kroatien
191,361,5,6209,1241.8,1249.0,528,1979,Medien,Basellandschaftliche Zeitung,,,Basellandschaftliche Zeitung
192,501,9,11172,1241.3333333333333,919.0,110,3689,Gesellschaft,Sexualität,,,Sexualität
193,261,9,11156,1239.5555555555557,411.0,33,5227,Unglücksfälle und Verbrechen,Wirtschaftskriminalität,,,Wirtschaftskriminalität
194,545,6,7431,1238.5,812.0,156,3807,Politik,_Themen,Raumplanung,,Raumplanung
195,297,51,63076,1236.7843137254902,738.0,26,8357,Wirtschaft,Steuern,,,Steuern
196,939,8,9722,1215.25,1023.0,164,2649,Energie,Atomkraft,Fessenheim,,Fessenheim
197,503,51,61863,1213.0,593.0,26,8874,Gesellschaft,Arbeit,,,Arbeit
198,283,13,15708,1208.3076923076924,876.0,22,3980,Gesellschaft,Humor,,,Humor
199,878,11,13288,1208.0,1136.0,424,2345,Verkehr,Rheinhafen,,,Rheinhafen
200,237,34,41003,1205.9705882352941,986.0,123,4087,Verkehr,Öffentlicher Verkehr,BVB,,BVB
201,292,15,18066,1204.4,881.0,46,4827,Politik,_Themen,Migration,Einbürgerung,Einbürgerung
202,546,6,7160,1193.3333333333333,920.5,266,3206,Kultur,Comic,,,Comic
203,967,27,32018,1185.851851851852,823.0,82,5101,Universität,,,,Universität
204,596,22,26084,1185.6363636363637,405.0,60,10927,Gesellschaft,Kinder & Jugend,,,Kinder & Jugend
205,280,6,7113,1185.5,963.5,80,3689,Gesellschaft,Homosexualität,,,Homosexualität
206,930,28,33016,1179.142857142857,688.0,223,8822,Kultur,Nachtgang,,,Nachtgang
207,645,7,8229,1175.5714285714287,1181.0,615,2022,Gewerbe,,,,Gewerbe
208,18,248,290811,1172.625,488.5,24,19312,Politik,,,,Politik
209,827,8,9360,1170.0,1075.5,270,3117,Kantonsverwaltung,,,,Kantonsverwaltung
210,135,47,54930,1168.723404255319,668.0,61,5573,Kultur,Theater,,,Theater
211,1036,18,20843,1157.9444444444443,652.5,184,6817,Sport,Fussball,WM 2018,,WM 2018
212,932,23,26450,1150.0,543.0,65,5559,Politik,Finanzpolitik,,,Finanzpolitik
213,33,111,126260,1137.4774774774776,448.0,22,11251,Digital,,,,Digital
214,931,22,24986,1135.7272727272727,806.0,68,6445,Verkehr,Velo,,,Velo
215,494,28,31783,1135.107142857143,683.5,180,5209,Lokales,Kaserne Basel,,,Kaserne Basel
216,197,80,90596,1132.45,286.5,25,19312,_Länder,Europa,Türkei,,Türkei
217,41,38,42881,1128.4473684210527,812.5,107,4142,Veranstaltung,Musik Veranstaltung,,,Musik Veranstaltung
218,863,13,14647,1126.6923076923076,587.0,348,4873,Kultur,Performances,,,Performances
219,643,7,7869,1124.142857142857,942.0,720,1891,Kultur,Galerien,,,Galerien
220,174,44,49418,1123.1363636363637,317.5,27,25447,_Länder,Europa,Deutschland,,Deutschland
221,963,5,5550,1110.0,391.0,204,4189,Sport,Tippspiel,,,Tippspiel
222,129,220,242740,1103.3636363636363,692.5,40,9825,Kultur,,,,Kultur
223,239,12,13142,1095.1666666666667,774.5,24,5141,Wirtschaft,Globalisierung,,,Globalisierung
224,215,62,67659,1091.274193548387,807.0,119,5719,Kultur,Ausstellung,,,Ausstellung
225,282,15,16354,1090.2666666666667,750.0,68,5227,Gesellschaft,Menschenrechte,,,Menschenrechte
226,819,41,44563,1086.9024390243903,687.0,100,6055,Theater Basel,,,,Theater Basel
227,832,7,7582,1083.142857142857,1211.0,152,1676,Wissen,,,,Wissen
228,755,24,25970,1082.0833333333333,253.0,43,4812,Wirtschaft,Technologie,,,Technologie
229,178,20,21581,1079.05,852.0,30,4770,Politik,_Parteien,,,_Parteien
230,202,104,111124,1068.5,492.0,35,7306,Baselland,,,,Baselland
231,496,8,8527,1065.875,535.0,145,3946,Verkehr,Schifffahrt,,,Schifffahrt
232,468,5,5278,1055.6,370.0,212,3346,Politik,_Themen,Sozialwerke,AHV,AHV
233,141,212,222145,1047.8537735849056,396.0,22,11818,Wirtschaft,,,,Wirtschaft
234,139,7,7315,1045.0,534.0,41,3717,_Länder,Südamerika,,,Südamerika
235,991,6,6262,1043.6666666666667,790.0,273,2098,Kultur,Literatur & Lyrik,BuchBasel,,BuchBasel
236,811,45,46926,1042.8,776.0,112,3653,_Textformen & feste Rubriken,Georg Kreis,,,Georg Kreis
237,1023,27,28129,1041.8148148148148,504.0,53,6429,Politik,Europäische Union,Brexit,,Brexit
238,5,6,6247,1041.1666666666667,254.0,75,5141,_Länder,,,,_Länder
239,403,28,29072,1038.2857142857142,874.5,105,2963,Sport,Fussball,FC Zürich,,FC Zürich
240,235,30,31095,1036.5,285.0,53,7135,Verkehr,Öffentlicher Verkehr,SBB,,SBB
241,134,56,57671,1029.8392857142858,557.5,61,10537,Kultur,Literatur & Lyrik,,,Literatur & Lyrik
242,369,9,9263,1029.2222222222222,792.0,504,2238,_Personen,Christoph Brutschin,,,Christoph Brutschin
243,997,7,7200,1028.5714285714287,957.0,42,3255,_Zeitgeschichte,Wunschkonzert,,,Wunschkonzert
244,449,22,22611,1027.7727272727273,123.0,37,11979,Umwelt & Natur,Klimawandel,,,Klimawandel
245,527,26,26722,1027.7692307692307,651.5,224,6957,Kultur,Kulturpolitik,,,Kulturpolitik
246,904,11,11298,1027.090909090909,401.0,37,3654,Region,,,,Region
247,554,14,14345,1024.642857142857,535.0,49,3899,Wirtschaft,Detailhandel,,,Detailhandel
248,245,18,18438,1024.3333333333333,515.0,45,4712,_Länder,Europa,Serbien,,Serbien
249,27,5,5089,1017.8,385.0,76,3868,Sport,Basketball,,,Basketball
250,176,77,78204,1015.6363636363636,164.0,23,30947,_Länder,Nordamerika,USA,,USA
251,433,21,21291,1013.8571428571429,258.0,68,4770,Politik,_Themen,Armee,,Armee
252,39,18,18190,1010.5555555555555,781.5,278,3524,Veranstaltung,Ausstellung Veranstaltung,,,Ausstellung Veranstaltung
253,101,38,38255,1006.7105263157895,372.5,55,11818,Region der Schweiz,Kanton Basel-Landschaft,,,Kanton Basel-Landschaft
254,507,30,30072,1002.4,731.0,60,4131,Gesellschaft,Familie,,,Familie
255,278,32,31762,992.5625,791.5,22,3397,Wirtschaft,Pharmaindustrie,,,Pharmaindustrie
256,249,31,30528,984.7741935483871,296.0,49,8632,Wirtschaft,Finanzwirtschaft,,,Finanzwirtschaft
257,52,13,12711,977.7692307692307,681.0,318,3654,Kino,Dokumentation Film,,,Dokumentation Film
258,296,40,38873,971.825,303.5,31,14358,_Länder,Europa,Grossbritannien,,Grossbritannien
259,957,9,8667,963.0,587.0,80,2524,Wirtschaft,Einkaufstourismus,,,Einkaufstourismus
260,241,94,90472,962.468085106383,657.0,53,8107,Kultur,Museen,,,Museen
261,205,30,28815,960.5,359.5,37,7158,_Länder,Europa,Griechenland,,Griechenland
262,647,9,8556,950.6666666666666,887.0,136,2016,Strassen,,,,Strassen
263,53,13,12340,949.2307692307693,487.0,321,4712,Kino,Drama Film,,,Drama Film
264,903,20,18944,947.2,722.5,190,2756,Kultur,Kunst,Künstlerporträts,,Künstlerporträts
265,177,146,136659,936.0205479452055,388.5,50,11818,Verkehr,,,,Verkehr
266,311,99,92436,933.6969696969697,502.0,51,6817,Sport,Fussball,Nationalmannschaft,,Nationalmannschaft
267,1010,11,10203,927.5454545454545,240.0,23,7997,_Zeitgeschichte,Panama Papers,,,Panama Papers
268,738,132,122411,927.3560606060606,490.5,22,5268,Sport,Fussball,Euro 2016,,Euro 2016
269,846,11,10168,924.3636363636364,771.0,37,3386,Kirche,,,,Kirche
270,213,78,71976,922.7692307692307,494.5,50,7135,Verkehr,Öffentlicher Verkehr,,,Öffentlicher Verkehr
271,59,8,7340,917.5,582.5,369,2165,Kino,Komödie Film,,,Komödie Film
272,917,23,21092,917.0434782608696,380.0,74,5627,Politik,Abstimmungen & Wahlen,Abstimmungen vom 9. Februar 2014,Masseneinwanderungsinitiative,Masseneinwanderungsinitiative
273,327,17,15579,916.4117647058823,187.0,36,5484,Politik,_Organe,Regierungsrat BL,,Regierungsrat BL
274,471,7,6380,911.4285714285714,370.0,99,3346,Politik,_Themen,Sozialwerke,Pensionskasse,Pensionskasse
275,145,66,60107,910.7121212121212,490.0,59,6402,Kultur,Film,,,Film
276,288,173,157463,910.1907514450867,282.0,22,14103,Politik,_Themen,Migration,,Migration
277,45,74,66741,901.9054054054054,533.5,59,10867,Kino,,,,Kino
278,175,46,41464,901.3913043478261,544.0,33,4931,Lifestyle,Reisen,,,Reisen
279,265,65,58291,896.7846153846153,191.0,23,30947,Unglücksfälle und Verbrechen,Terrorismus,,,Terrorismus
280,628,13,11593,891.7692307692307,529.0,55,3504,_Textformen & feste Rubriken,Editorial,,,Editorial
281,600,46,40782,886.5652173913044,430.0,66,12908,_Textformen & feste Rubriken,Wochenendlich,,,Wochenendlich
282,840,20,17620,881.0,351.5,31,3867,Krieg,,,,Krieg
283,232,29,25412,876.2758620689655,211.0,24,7540,_Länder,Europa,Russland,,Russland
284,625,25,21882,875.28,507.0,52,3355,Gesellschaft,Gleichstellung,,,Gleichstellung
285,219,73,63807,874.068493150685,353.0,37,11979,Umwelt & Natur,,,,Umwelt & Natur
286,758,38,32453,854.0263157894736,419.5,30,5621,Digital,Games,,,Games
287,214,14,11923,851.6428571428571,536.0,123,2951,Verkehr,Öffentlicher Verkehr,TNW,,TNW
288,483,7,5869,838.4285714285714,157.0,26,4690,Politik,Schweizerische Nationalbank,,,Schweizerische Nationalbank
289,505,12,10058,838.1666666666666,218.0,35,6330,Verkehr,Flugverkehr,,,Flugverkehr
290,1026,7,5733,819.0,700.0,480,1184,Kultur,Museen,Skurrile Museen,,Skurrile Museen
291,618,20,16282,814.1,396.5,68,3908,Politik,_Themen,Krankenkassen,,Krankenkassen
292,310,4,3242,810.5,821.0,340,1260,_Firmen,Migros,,,Migros
